model,term,estimate,std.error,statistic,p.value
child-full,scale(age),0.44210989938988565,0.0022075080915673,200.27555100647163,0
child-cogsci,scale(age),0.3742963749714156,0.002678004995506907,139.76686959113263,0
caregiver-full,scale(age),0.2722264957038778,0.0021253486661487984,128.08557016537017,0
caregiver-cogsci,scale(age),0.24896532486199385,0.002558344780042753,97.3150010132072,0
